4.2.2.1	1130	A
4.1.3	4205	T
4.2.2	9943	C
1.2.2.1	10359	C
La1.8	10726	G
3	12203	A
1.1.2	12233	G
4.5	12554	T
1.2.1.2	13174	G
5.1.3	13528	A
4.3	14250	A
4.4.1.1.1	15035	G
1.1.3	15176	G
4.6.5	17664	A
3.1.3	17841	C
4.6	18090	A
6.1.2	19946	A
1.2.2	20406	A
5.2	22806	T
La1.3	23296	T
1.1.3.2	25138	G
La1.8.1	25305	G
4.1.1.2	26299	C
1.2.1.1	28438	C
6.1.2	30311	A
4.1.3	32580	T
1.2.2	32772	A
3.1.2	34604	A
6.2	37240	A
2	39157	G
4.3.2	47698	A
6.2.2	47977	T
4.6.2	49078	G
La1.5	51458	C
4.6	54303	T
4.4.1.2	56603	A
5.1.5	57161	T
4.1.4	58785	C
1.2.2.1	60296	C
1.2.2.2	61841	C
4.1	62656	A
6.1.1	65810	T
La1.3	67075	T
1.2.1.1	67812	A
1.1.3.3	67968	T
6.3	68226	T
4.4.1.1.1	68687	T
4.6.2.2	69341	A
4.1.1.1	69872	A
3	69983	A
5.1.5	71498	T
5.1.2	71635	T
4.2.2	74955	C
6.3	78092	A
4.1.2	83841	A
3.1.1	85984	C
1.2.2.2	88763	T
4.9.1	90228	T
4.1.4	90369	T
4.6.2.2	93043	A
5.1.5	94018	C
9	97897	T
6.3	98535	T
4.2	103180	G
4.1.2.1	107793	T
4.6.3	111850	A
5.1.5	112489	T
4.1.2.1.1	112957	A
1.1	117294	A
La1.7	118467	T
4.6.2.2	118468	A
4.9.1	119599	G
4.2.2.1	121462	T
4.6	122793	G
La1.2.BCG	128263	G
4.1.4	129851	T
4.6.1.2	130448	A
2.2.1	135328	T
4.4.1.1.1	135694	A
6.2.2	136350	A
6.1.2	136731	T
4.6.1.2	138787	T
4.6.2.2	142316	T
9	143534	T
4.1.1.3	144389	A
4.3.2.1	147654	C
4.2.2.1	152091	T
1.2.2	154050	G
2.2.2	154989	T
4.1.1.3	155292	A
4.6.5	155554	T
4.3	162580	A
2.2.1	163704	T
1.1.3.2	164681	T
4.6.2.2	166347	C
4.6.4	176820	G
4.1.3	184253	C
1.1.3.2	187284	C
3.1.2.2	187341	C
5.1.3	191217	C
4.2.2	193734	G
2.2	195681	G
4.3.4.1	197046	G
4.4.1	197396	C
4.1.1.1	201122	C
4.7	201895	G
6.2	202714	G
6.1.3	203213	C
1.2.2.1	204723	A
4.3.1	205401	T
4	206480	C
4.4.1.1.1	208709	A
2.1	208781	C
4.2.1.1	211575	A
4.8	212243	A
4.8.3	214035	T
4.6.1.1	215612	A
2.2.1	215976	T
2.1	216468	T
4.2	217305	G
9	219754	T
La1.8.X-unk6	220103	T
8	221189	T
4.3.1.1	223626	A
4.4.1.1	224900	G
1.1.2	225038	A
4.3.4.2.1	225494	C
5.3	225656	A
9	230257	T
5.1.3	231260	A
4.1.3	234694	T
5.1.3	240753	G
6.1.2	247551	A
4.6.3	252494	A
2.2.2	252899	T
4.1.1.1	253968	A
4.1.2.1.1	255224	A
4.9.1	257040	T
5.2	260801	A
5.3	261627	C
4.8.3	262867	G
1.2.1.2	263056	G
1.1.3.3	264534	T
4.1.1	265967	G
4.1.1.2	266114	T
8	270361	A
1	272677	T
4.1.1.2	274929	A
6.1.1	276362	T
1.1.1	278188	C
5.1.1	279802	T
1.1	281207	T
4.5	281315	T
4.6.3	281663	G
1.2.1.1	282485	A
2	282891	T
4.1	284622	A
1.1.3.2	285095	T
4.1.1.3.1	286299	A
3.1.2.2	288172	C
La1.8	288951	T
4.8.3	292633	G
2.2.2	294595	G
6.2.3	294934	A
1.2.1.2.1	297395	A
6.3	298595	C
2.1	300110	G
5.1.5	302190	T
6.3.1	303110	A
1.2.1	303413	T
1.1.3.1	304049	C
4.1.4	305345	T
1.1.3.1	305454	A
4.8.1	306112	T
4.2.1	306638	C
6.2.2	311379	C
4.9	311612	G
4.6	312943	T
1.1.1	313424	T
La1.7.1	313604	A
4.2.1	314337	G
1.1.3	317044	A
La1.2	318067	T
2.1	321557	T
1.1.3.2	323525	G
4.3.1.1	324661	T
4.6	325037	A
4.3.2	326038	T
La3	327231	C
4.1.1.3	328640	T
6.3	329078	G
4.4.1.2	342200	G
4.1.2.1	342339	T
3	342872	T
3.1.2.2	343091	T
8	343313	T
1	344287	G
8	344413	C
5	345316	C
4.4.1.2	345696	T
2.2.2	346692	T
3.1.2.2	346897	T
8	347976	C
7	349080	A
5	352645	A
4.2.2	353765	C
4.2.2	353766	T
5.2	354233	A
4.4.1.1	355180	A
4.4.1.1	361144	C
2.2	363463	A
4.4.1.1	383080	G
4.3.4.1	393779	G
4.9.1	394921	T
1.1.3.1	403480	T
4.3.3	403919	T
1.1	406388	A
3.1.3	415692	A
4.9	420007	A
6.2	420307	T
4.2.1	422878	A
1.1	423333	A
4.1.2	435189	T
4.6.1	435707	A
6.2.2	436202	G
La1.6	438443	C
8	442071	A
4.1.2	443276	C
4.1.2	446164	C
2.2.2	449193	A
4.8.1	449703	T
4.4.1.1.1	455758	G
4.3.2.1	457031	C
3.1.3	457391	A
6.3.2	458047	C
6.3.1	461438	A
5.1	464957	T
2.2	465299	T
1.2.1.1	465836	A
6.2	465863	T
La1.4	471575	C
1.2.1.1	472123	T
5.1.1	472897	A
4.3.3	479631	T
4.2.1.1	481568	A
1.2.2	483488	A
4.1.4	485433	A
4.6.1	488795	A
5.1	489023	T
2.1	489239	G
6.3.2	490375	T
5.1.5	492768	T
4.1.1.2	495103	T
6.2.3	495691	A
2	497490	A
1.1.2	498009	C
4	498530	A
4.4.1.1	506385	C
5.3	511349	A
4.1.1	514244	T
2.1	522052	A
1.2.1.2	528780	A
1.1.1	529362	T
La2	533327	A
2.2.1	533546	G
5.1	534204	T
4.3	534690	T
4.3.3	535694	T
La1.7	540939	C
4.1.1.2	541047	G
4.9	541200	A
6.2.2	541868	T
4.8.1	545116	A
La1.8.X-unk6	545402	T
4	546356	A
4.3.4.2.1	550572	C
5.1.2	550975	G
4.1.4	551418	G
1.2.2	552360	A
5.1	554492	A
4.9.1	556960	T
1.1.2	559349	A
4.6.2	561020	A
1.1.2	567445	A
1.1.2	569044	T
4.3.4	571942	A
4.2.2	576076	T
4.6.1.2	578031	T
4.1.4	590249	T
1.2.1.1	590594	A
4.1.1.2	594026	T
La1.5	594056	A
1.2.2.2	596474	T
6.1.2	599576	T
4	599867	A
4.6.3	606375	A
4.1.1.2	608178	T
4.2.1	609253	T
4.2.2.2	611462	A
1	615937	A
4.8.3	616407	G
5.1.4	617987	T
4.5	620028	T
4.6.3	622546	T
4.3.4.2	632329	T
1.1.3.3	633630	T
La1.7.X-unk4	636623	T
4.1.2.1	637729	T
4.2.1.1	638211	T
4.3.2	646242	C
1	646530	T
2.1	648464	G
4.4.1	651771	A
3	652949	C
1.2.1	654995	T
6.2.3	656297	G
4	662910	T
6.2.3	663076	A
6.2	665901	T
4.8.2	666744	A
6.3.2	670803	A
2.2.1.1	671384	G
4.8.2	681312	T
1.1.3.1	685577	A
4.6.1	685868	A
4.1.3	687188	G
9	693520	T
1.1.1	701866	T
4.1.1.3.1	703721	G
4.4.1.1	705061	C
1.1	705569	T
4.3.2	705594	T
4.8.3	709492	T
5.1.4	709656	C
1.1.2	711154	A
5.1.1	715516	T
4.7	716917	A
1.2.2.1	717878	A
5.1.2	721580	G
4.1.3	723564	C
4.1.3	724338	T
1.2.2.2	729356	T
2.2.1.1	731014	G
5.1.5	732060	T
4.6.3	734561	A
1.1.3.1	738602	T
2.2.1.2	738836	T
4.1.2.1.1	740854	C
8	742269	T
1.1	745875	G
4.8.3	748922	T
4.4	753087	T
6.2	756567	A
4.6.3	758121	T
5.3	771653	G
6.3.2	771722	A
La1.7	772739	T
4.3.1.1	772802	G
4.3	773808	A
4.6.2	778297	T
4.2.1	783600	C
7	784142	C
4.3.4.2	784439	T
4.3.2.1	784580	C
3.1.2.1	791670	C
3.1.3	794734	A
4.1.4	795562	T
4.7	796875	G
2.2.1	797735	T
5	801958	T
4.2.1.1	806604	T
5.2	809980	A
1	811491	G
7	811641	T
2	811752	T
1	812501	T
4.3.3	812807	A
4.6.1.2	818797	T
4.4.1	821101	T
5.1.1	821436	A
4.3.1	825584	C
4.3.4.1	831205	T
1.1.3	832071	C
4.1.2	832707	C
1.1.1.1	851796	A
1.1.3	852640	T
4.3.2	853468	A
6.3.2	860033	A
4.6.2	863339	C
1.2.1	864165	T
1	865760	T
4.6.2	868005	T
4.1.1	869439	T
1.1.1	870111	T
4.2.1.1	870186	T
6.1.3	870309	G
6.1.3	874118	A
3.1.2.2	875033	A
4.6.1.1	876377	C
1.1.3	877054	C
6.2.3	885633	A
4.9.1	888213	A
4.1.2	891755	G
2.2	892415	T
4.1.1.1	894078	T
6.3.1	895562	A
4.6.2.1	896118	T
8	896151	T
4.1.1.3	896355	T
7	896430	A
6.2.2	898136	T
4.2.1.1	899318	G
4.1	902412	T
6.2.3	903225	T
8	903261	A
4.9	903912	T
4.6.3	912544	G
2.2.2	917595	A
6.2.1	918645	A
4.3.3	919392	C
4.1	923064	A
4	931122	T
3.1.3	938152	G
6.1.3	951566	G
4.8.2	953396	T
3.1	958361	G
3.1.2.1	961597	G
5.2	963021	C
4.4.1.1	964098	C
4.5	973289	A
4.6.1	979313	T
4.1.1.3	979858	C
6	982362	T
4.4.2	985286	A
1.2.1	990382	A
4.3.4.2	990532	C
3.1.2	993015	A
4.6.1.1	996870	A
4.1.1.1	1006079	A
4.6.2	1010531	A
5.3	1011205	G
5.1.2	1014057	A
5.3	1014721	T
4.2.1	1017835	C
1.2.2	1018810	A
La1.7.X-unk5	1020731	C
4.1.2.1.1	1025613	T
4.1.1.3	1028943	T
4.6.2.1	1030367	G
4.3.4	1037354	C
3.1.2.1	1038107	G
1.1.1	1039980	C
5.3	1049904	T
4.4.1	1051948	A
4.4	1052898	T
4.2.2.1	1053307	T
4.3.2.1	1055671	A
1.1.3.1	1060877	T
5.1.4	1064933	G
La1.4	1065610	A
6	1069145	T
1.2.2	1072627	A
4.9.1	1074928	C
4.8	1082444	A
4.1.2.1.1	1082982	A
4.3.1.1	1083081	T
4.6.1.2	1098697	G
1.2.1	1099211	T
2	1102467	A
4.3.4.1	1106648	C
5.3	1107319	A
4.1.1.2	1109534	A
1.1.1.1	1111468	T
4.1.2	1111924	G
4.2.1.1	1115795	A
6.2.2	1120158	A
7	1125893	C
4.4.1.1.1	1126894	A
4.8.3	1129157	G
4.8	1130525	A
4.3.4.2	1132367	T
4.8.1	1132436	T
6.1.3	1134958	C
2.1	1135797	T
1.2.1	1136016	G
7	1137517	A
4.3	1142265	C
1.1.3	1144220	A
4.6.5	1147707	A
5.3	1153213	A
4.1.2	1153675	G
4.8.3	1154367	C
4.8.1	1155867	T
La1.7.X-unk4	1158433	A
4.3.1	1169027	A
4.3.1	1172078	G
1.1.3	1184797	T
1.1.3.3	1193667	A
4.8.2	1204545	G
4.4.1	1208651	A
6.3	1221278	T
4.4.1.1.1	1221478	T
4.8	1227216	T
8	1227517	A
1.2.2.2	1228066	A
6.3.3	1229122	G
3.1.2.2	1229179	A
4.3.2.1	1232495	C
4.2.2.2	1233284	A
4.1.1.3.1	1233416	G
4.4.1.1.1	1234998	A
3.1.2.1	1237817	G
4.3.4.2.1	1239077	A
3.1.3	1244258	C
1.2.2.1	1245274	T
1.1.3.1	1249770	A
4	1250339	A
4.3.4.1	1251954	T
4.1.1	1256805	T
1.1.1	1261055	T
6.1.1	1267405	T
4.8	1273070	C
4.3.4.1	1274334	A
4.1.1.2	1286665	A
La1.8.X-unk6	1288125	C
2.2	1288697	A
4.6.2	1289554	G
1.1.3	1293120	T
7	1297083	A
4.3.4	1297326	A
4.4.1.2	1297980	C
5.1.3	1301570	T
4.3.1	1311085	G
5.1.4	1311442	T
1.2.1	1315745	A
2	1317654	T
5.1.2	1317795	T
4.4.1.1	1321209	T
4.6.5	1331186	C
4.3.2.1	1334259	A
4.4.1.1.1	1335912	G
1.1.3.1	1345103	A
4.6.2.2	1352349	T
1.1.3.1	1353772	G
4.6.5	1358196	T
La1.8.2	1358421	T
3.1.3	1361219	T
1.2.1	1363193	A
4.3.1.1	1363985	T
4.3.4.1	1364433	T
1.2.2	1365429	C
7	1365894	A
1.1.1.1	1369926	T
6	1372001	T
3.1.1	1378724	C
4.6.1.2	1391867	A
4.9	1396921	T
La1.7.X-unk4	1401049	T
3.1.3	1405847	T
1.2.1.2.1	1406311	G
4.3.1	1421108	G
La1.7.X-unk5	1427066	G
5.1.3	1434318	T
4.5	1435762	T
6.1.3	1436229	G
3.1.3	1436781	A
4.6.1.1	1439331	T
4.6.4	1442108	T
4.8.2	1444654	T
6.2.2	1449010	A
3	1450315	T
6.1.1	1450462	T
4.3.2.1	1451541	T
4.3	1452070	A
6.2.1	1454191	G
4.2.2.1	1455779	C
6.2.2	1459256	T
7	1463775	T
4.2	1466778	T
4.6.2	1467752	A
1.2.1	1478221	G
4.2.2	1487795	A
1.1.3	1491274	A
1.2.2.2	1492048	T
5.1.4	1492960	A
4.4.1.2	1494230	A
4.6.5	1498303	C
5.1	1501714	T
5.1	1501741	A
5	1505805	T
2.2.2	1511459	T
3.1.1	1523574	G
1.1.1.1	1526099	G
4.2.1.1	1526838	A
4.6.2	1534537	T
La1.8.1	1534928	T
6.3.3	1539298	T
4.3.1	1541213	C
5.1.2	1543873	T
4.8.1	1547497	A
6.2.3	1551193	A
La1.5	1552836	T
1.2.1	1553854	T
4.6.5	1553875	G
5	1555431	T
5.1.5	1556017	T
3.1.1	1556429	G
5.1.3	1560776	A
1	1560911	A
7	1561244	T
4.1.3	1564798	T
2.2.2	1565565	T
1.2.1.2	1567984	G
4.2	1568017	T
2	1577240	A
6.2	1577845	A
5	1578211	C
4.6.5	1581703	C
6.3.2	1588745	T
4.6.2.1	1588886	C
1	1590554	T
3.1.1	1591544	T
4.3.2.1	1592014	T
4.8.1	1594847	A
4.6.1	1597404	A
4.6.1.1	1597695	A
5.1.2	1599075	T
1.1.3.1	1599995	T
6.3.3	1601415	T
1.2.2.2	1619840	A
4.3.1.1	1620581	C
1.2.1.2.1	1623788	T
4.6.2.1	1625768	A
6.2	1626589	A
3.1.1	1639225	T
4.5	1645598	T
6.3.2	1645619	A
4.3.1.1	1647806	C
5	1649264	A
1.2.2.1	1651062	G
4.2.1.1	1652215	G
4.6.4	1659665	A
4.2.1.1	1660439	A
6.3.3	1667069	A
4.2	1670813	T
1.2.2.2	1672807	A
2.2.1.2	1692068	G
5.1.1	1692639	T
2.2	1695036	A
5.1.1	1695790	T
1.1.3	1697459	T
4.1.2.1.1	1701476	G
4.3.1	1715827	C
4.3.4.2	1724119	A
4.6.1.2	1726540	A
5.1	1733617	T
4.3.4.2.1	1740534	A
5.1.3	1741099	A
1.1.1.1	1750464	C
4.9	1759251	G
3	1764224	T
4.8.2	1764807	T
La1.7.X-unk4	1765766	C
4.3.4.2	1771319	A
6.2	1775673	T
4.3.2	1778556	T
4.6.4	1798560	T
1.1.3.3	1799177	A
5	1799920	A
4.4.1.2	1803958	T
4.4.1.2	1808123	C
6	1811963	A
5.1.4	1819030	C
1.2.2.1	1821773	T
6.3.2	1841960	A
6.3.2	1842236	G
5.1	1846091	T
4.3.4	1847810	C
2.2	1849050	T
4.1.1.1	1850118	T
4.4.1.1.1	1853673	A
3.1.2.2	1862120	T
6	1867706	T
6.3	1870172	A
4.2	1872210	A
4.1	1875206	T
4.1.2.1.1	1877861	T
5.1.2	1879700	C
4.2.2.2	1880849	A
6.1	1882816	A
1.2.2.1	1885494	A
5.1.1	1891255	G
2.2.1.1	1891387	G
1.2.1.2.1	1897937	A
4.5	1901923	C
1.2.1.2.1	1903049	T
5.1.3	1903546	T
2.2.1	1906077	G
4.9	1907295	G
6.2.3	1908786	A
5.1.1	1912267	C
3.1.2	1914216	A
3.1.3	1919626	A
4.2.2.1	1919735	G
1.1.1	1924764	C
3	1925135	A
4.1.2.1	1931218	A
4.9.1	1940610	C
2.2.1.1	1947281	G
4.1.1	1952600	T
4.4.2	1965132	T
1.1.3.3	1976013	T
La1.7.X-unk5	1978430	T
2	1980651	T
4.5	1980870	C
La1.2	1985033	C
4.2.2.1	1985572	A
1.1.3.3	2016285	A
3.1.2.1	2020119	T
4.1	2020143	A
4.4.1.1	2022125	C
4.9	2022867	T
6.3.1	2024412	T
La1.2.BCG	2027616	A
4.6.1	2033747	C
4.4.1	2033889	T
4.3	2053681	T
4.1.1.3	2054804	A
4.6.1.2	2058446	A
1.1.1	2063105	T
1.1.3.3	2066473	C
4.1.2	2066632	G
4.8.2	2073604	C
4.3.3	2077252	A
1.1.1	2078023	A
2.2.1	2078245	G
4.1.1.1	2080940	A
5.2	2083682	T
5.2	2091596	T
4.5	2093997	T
4.6.2.1	2105064	T
5.2	2108385	T
2.2	2112831	C
4.3.1.1	2116662	T
4.2.2.2	2153245	G
4.2.2.2	2156846	A
4.1.1	2158581	A
5.1.5	2173057	A
La1.4	2183680	A
4.6.1	2184780	T
3.1.2.1	2185537	A
4.4.2	2191656	T
La2	2194203	G
6.3.1	2198181	T
4.3.4.1	2199683	A
2.2	2202499	T
4.1.1.3.1	2208142	C
4.8	2212761	T
1.2.1.2.1	2215711	A
4.6.2.1	2225514	A
6.3.3	2239383	A
5.2	2240715	A
La1.8.X-unk6	2243434	A
4.1.2.1	2244769	A
4.4.2	2245074	T
3.1.2.1	2245498	T
6.3.3	2248162	C
4.3.2	2249402	T
4.1	2253452	C
2.2.1.2	2259578	G
3.1.2.1	2271142	A
5.1.2	2271442	G
La1.1	2271554	A
4.6.1	2273626	T
La1.7.X-unk5	2291556	G
1.1.1.1	2311356	A
5.1.2	2315589	T
1.1.1.1	2326191	T
4.6.1.1	2331060	T
4.4	2356011	A
4.4	2358915	T
4.6.2.2	2369117	A
1.1.3.2	2369186	T
1.1.3.2	2369459	A
4.6	2369970	G
4.6.1.1	2377784	T
4.7	2378812	G
5.1	2382644	A
La2	2382829	A
6.1.2	2408441	A
4.4.1.2	2410937	T
1.1.1.1	2412583	A
3.1.2.2	2415041	T
5.2	2416148	G
4.8.2	2417280	A
1.1.3.2	2418553	A
4.2.2	2420502	G
La1.4	2428077	G
5.1.5	2428822	T
4.6.1	2440952	T
4.3.4.2	2443187	A
4.1.3	2450244	A
4.1.1.3	2454855	T
3.1.1	2467097	C
4.3.2.1	2470626	A
1.1.1.1	2470933	A
4.1.2.1	2473698	T
La1	2475887	G
5.1.3	2478057	T
4.2.2	2482887	A
6.1.3	2485233	T
5	2485955	A
1.2.1.2.1	2486341	T
4.1.2.1.1	2488723	G
4.6.1.2	2494262	A
4.3	2503624	T
2.2	2505084	A
4.6.3	2516157	G
4.6.3	2516364	C
4.3.4	2527675	A
6.3.3	2546349	T
La1.7.1	2553394	A
6.1.1	2563400	G
5.1.4	2565445	A
4.1	2574021	T
4.1.1.1	2585857	A
La1.8.2	2594631	A
4.5	2597695	T
4.3.4	2599820	A
6.3.1	2602159	A
4.1.1	2603796	A
La1	2612299	T
4.3.1.1	2614030	G
1.1.2	2622401	A
1.2.1.2	2639867	G
4.1.2.1.1	2640368	A
2.2.2	2640806	A
1.2.1.1	2640959	T
6.3.1	2641657	C
4.3.2	2649854	A
La1.6	2655823	C
La1.5	2669114	A
4.1	2671060	A
6.3.1	2671676	T
La2	2701537	A
La1.7.1	2702177	A
La1.8	2715124	C
4.1.2.1	2724781	T
4.3.4.2.1	2729452	A
3.1.2	2729453	T
La2	2731554	C
1.2.1.2.1	2737200	C
2.1	2737452	C
3	2738220	A
1.1.3.3	2738351	T
4.1.1.3.1	2739086	T
3.1.1	2744387	A
4.2	2748086	A
6.2	2749451	A
9	2750051	A
4.1.1	2752853	A
4.6.4	2755468	A
6.3	2758267	T
1.2.2	2763623	A
4.6.2.1	2781383	G
4.8.3	2782139	A
3	2782497	A
La1.7.X-unk4	2807763	A
4.8	2809249	T
4.3.3	2814960	A
4.1.1.1	2824838	T
4	2825465	G
2.2.1	2825580	G
2.2.1.2	2826038	C
La1.2.BCG	2834423	A
1.2.1.2	2840848	C
4.1.4	2844013	A
4.3.2.1	2844688	C
1.2.1.1	2847190	A
6	2847736	A
La1.6	2848134	A
La1.8	2853154	A
5	2859146	T
4.4	2868924	A
4.1.2.1	2871250	A
4.3.4.2.1	2873373	A
3.1.2.2	2874343	A
4.6.2.2	2875882	T
6.3.1	2877697	T
4.2.1	2882342	A
La1.8.1	2890667	T
2.2.1.1	2891378	C
4.7	2892167	A
4.6.4	2893700	A
1	2897527	A
4.6.2.1	2897683	G
4.4.1	2905504	A
4.1	2906977	T
4.3.2	2907628	A
La1	2912515	A
4.8.2	2912745	T
4.4.2	2913090	T
4.8.1	2914905	C
4.6.4	2919531	G
4.2.2.2	2923263	A
5.3	2940051	A
La1.7.X-unk5	2948296	C
1.2.1.2.1	2958569	A
La1.7	2963596	A
4.1.1.3.1	2980974	A
La1.8.2	2989190	C
1.1	2989682	T
4	2994186	T
1.1.1.1	2994963	T
4.2.2.1	3007523	A
4.6	3015965	A
3.1.1	3023683	A
4.6.1.1	3028657	A
La1.2	3033643	C
4.3.1	3037135	A
La1.5	3038565	A
4.6.4	3048840	A
La1.6	3072871	A
6.3.1	3093940	G
9	3094576	A
La1.2.BCG	3095341	C
5.1.4	3097222	T
6.2.1	3108168	A
4.1.1	3129358	T
4.2.2.2	3141826	G
1.2.2.2	3147315	A
4.4.1	3147375	A
2.2.2	3147510	G
4.1.2	3147741	G
6.3	3153182	G
4.8	3168966	A
4.6	3170459	T
4.3	3191026	A
5.1	3193574	T
4.2	3198495	A
6	3213254	T
4.1.1.2	3213614	A
4.7	3220221	A
4.1.1	3231090	A
4.6.2.1	3238747	A
La1.3	3244323	G
4.3.4.1	3244673	A
4.1.1.3.1	3253570	T
4.2.2.1	3259271	C
4.7	3270288	A
4.3.4.1	3285944	G
4.6.2.1	3293314	T
1.2.2.1	3323664	A
4.6.1.2	3332625	T
1.1.3.3	3337584	A
La1.8.1	3347069	T
4.4.1.1	3347479	A
6.3.3	3348127	T
4.8.1	3348869	A
4.4.1.2	3349092	C
4.6.2.2	3354624	A
4.3.1.1	3360031	A
4.6.2.2	3360151	A
6.3.3	3363400	A
4.9	3367764	G
5.1.1	3368283	T
6.2.2	3368414	A
9	3370804	C
4.2.2	3383965	C
1.2.1.1	3387251	A
4.8.1	3389921	G
La3	3396568	A
6.1.2	3402589	A
4.8.2	3404882	A
9	3414552	A
4.3.2	3414790	C
4.2.2.2	3416733	A
4.3	3418329	A
4.4	3419559	T
4.3.3	3423183	T
La1.2.BCG	3423938	A
6.3.3	3433139	A
4.1.1.1	3464052	A
4.2	3469693	T
4.2.1	3471150	A
6.1.1	3488811	T
4.2.2.2	3497368	A
2.2.1	3498197	T
4.3.4.2	3504929	T
3.1.2.1	3557910	T
4.6.1.1	3562269	C
4.1.1.3.1	3575551	A
La3	3577778	A
4.2.2.1	3579165	G
5.1.1	3580669	T
La1.1	3581186	A
6.1.2	3603864	T
4.4	3608513	A
4.3.4	3612008	T
1.2.1.2.1	3619853	G
3.1.2.2	3629290	G
1.2.1.2	3629611	A
4.3.3	3643391	T
4.2.1	3646963	G
4.4.1	3664134	A
4.2	3666904	T
La1.8.X-unk6	3676092	T
La1.7.1	3720206	T
3.1.2	3722701	C
La3	3770448	A
1.2.2.1	3787155	A
4.4.1	3813472	A
4.9	3823158	A
La3	3830347	C
4	3830694	A
4.8	3836738	A
La1.4	3849393	A
9	3855302	A
6	3862147	A
1.2.1.2	3862180	T
4.8.3	3863544	A
4.1.1.3.1	3865538	C
La1	3877255	T
1.1.2	3879881	A
4.4.2	3886877	C
5.1.4	3893138	A
6.1.1	3918066	C
6.1.1	3955403	A
6.2.1	4001040	A
4.4	4004035	T
1.2.1.2	4024367	T
4.8	4028291	T
La1.8.1	4030258	G
4.3.4.2	4043364	T
4.3.1	4047842	T
4.6.4	4051662	T
3.1.2.1	4053712	G
1.1	4054363	T
6.1.3	4055216	A
6.1.2	4064551	G
3.1.1	4065299	T
2.2.1.1	4080524	T
1.1.3.2	4084404	A
6	4086696	T
4.7	4112594	A
La1.7.1	4114818	C
6.1.3	4127645	A
3.1.2	4132948	T
4.1.1.3	4154050	A
1.1.3.2	4154815	A
La1.1	4155798	A
1.1.2	4157258	A
2.2.1	4158492	T
4.9.1	4165204	T
2.1	4165480	C
6.2.3	4170989	A
6.1.1	4192676	A
La1.3	4193068	A
6.1.3	4198059	C
4.2.1	4199738	T
1.2.2.2	4200992	G
La1.8.2	4204695	A
4.1.3	4228100	T
4.1.1.3	4229086	T
6	4236890	A
4.6.4	4236902	A
1.2.1.2	4237382	A
1.2.2	4238119	A
4.4	4238962	T
2	4254430	A
4.1.2.1	4256757	C
4.6.1	4260267	C
4.6.2	4260741	A
6.3.2	4268185	A
6.3	4268476	A
6.1.2	4268524	G
4.1.1.3.1	4269539	A
4.3.4.2.1	4273841	C
1.1	4286155	C
6.1.1	4294319	G
La1.8.2	4297209	G
4.2.2.2	4298105	A
4.4	4307885	A
2	4308394	A
La1.2	4309280	T
4.1.2.1	4331584	A
6.2.3	4332754	T
La1.1	4357502	G
4.3.4.2	4373474	G
4.3.4.2.1	4380235	G
5.1.4	4382533	C
4.3.3	4390752	G
4.7	4391578	G
4.1.4	4391662	A
4.4.1.2	4392119	A
3	4396494	A
1.2.1.1	4402047	T
1.1	4404246	A
4.1.2.1.1	4404312	A
4.6.1.1	4406748	A
Mmicroti	1136321	T
Mmicroti	2107199	G
Mmicroti	2983972	T
Mmicroti	3238815	G
Mmicroti	4410695	C
Mmicroti	4108399	C
Mmicroti	2874796	T
Mmicroti	2505950	A
Mmicroti	2447179	C
Mmicroti	1769654	T
Mpinnipedii	88251	A
Mpinnipedii	117069	A
Mpinnipedii	2352291	A
Mpinnipedii	658731	T
Mpinnipedii	736139	T
Mpinnipedii	744792	T
Mpinnipedii	1648563	T
Mpinnipedii	2921372	C
Mpinnipedii	3815284	A
Mpinnipedii	4034154	T
Mcanetti	4221926	A
Mcanetti	52764	T
Mcanetti	229023	A
Mcanetti	397960	G
Mcanetti	4259850	G
Mcanetti	4281535	G
Mcanetti	4303433	G
Mcanetti	175932	C
Mcanetti	91223	C
Mcanetti	72693	C
La1.4	597688	T
La1.4	950871	C
La1.4	1071839	T
La1.4	1306208	T
La1.4	2177579	T
La1.3	2085139	G
La1.3	2431523	T
La1.3	2479888	C
La1.3	2936613	C
La1.3	2963415	C
La1.3	2965928	T
La1.5	142704	T
La1.5	597748	T
La1.5	644596	A
La1.5	709721	C
La1.5	922875	T
La1	916658	G
La1	947293	C
La1	1376623	T
La1	1467694	T
La1	1672388	C
La1	3504522	A
La2	53279	T
La2	121830	A
La2	157921	G
La2	181740	C
La2	220447	T
La3	14611	A
La3	119646	G
La3	160909	T
La3	172106	G
La3	231283	A
La1.2	408514	A
La1.2	1730366	G
La1.2	2102105	G
La1.2	2297702	A
La1.2	2402501	A
La1.2	2672080	G
La1.2.BCG	294126	T
La1.2.BCG	494269	T
La1.2.BCG	559152	T
La1.2.BCG	781567	T
La1.2.BCG	822821	C
La1.1	134410	A
La1.1	229755	T
La1.1	553867	T
La1.1	625911	C
La1.1	712957	A
La1.1	3484530	A
La1.6	501406	G
La1.6	3229967	G
La1.6	3516067	T
La1.6	3616631	G
La1.6	4247790	T
La1.6	3672782	A
La1.7	1140264	C
La1.7	1370486	C
La1.7	1279397	A
La1.7.X-unk5	17293	T
La1.7.X-unk5	37863	T
La1.7.X-unk5	41464	A
La1.7.X-unk5	115330	C
La1.7.X-unk5	175860	C
La1.7.X-unk4	795843	C
La1.7.1	64138	T
La1.7.1	293681	C
La1.7.1	1317690	A
La1.7.1	1435027	T
La1.7.1	1793680	T
La1.8	290453	T
La1.8	565154	A
La1.8	1344740	G
La1.8	3629082	T
La1.8	2049494	T
La1.8	65866	A
La1.8.1	266858	A
La1.8.1	329217	A
La1.8.1	844628	C
La1.8.1	940889	G
La1.8.1	1018027	A
La1.8.2	1323638	T
La1.8.2	1448091	A
La1.8.2	1946776	A
La1.8.2	2271405	C
La1.8.2	3680617	A
La1.8.X-unk6	58647	T
La1.8.X-unk6	142253	C
La1.8.X-unk6	177711	G
La1.8.X-unk6	494359	T
La1.8.X-unk6	586596	T
10	3369262	A
10	3461445	A
10	3575789	T
10	4100721	G
10	4267321	A
10	1920095	T
10	1735075	A
10	1545528	T
10	1408302	T
10	1155169	T
